method,seconds,precision,recall,f1,roc_auc,detected
sklearn EllipticEnvelope,0.4706082669999887,0.8055555555555556,0.8055555555555556,0.8055555555555556,0.9877214170692431,72
robustcov FastMCD detector,0.18479795199982618,0.75,0.75,0.75,0.9827227589908749,72
sklearn IsolationForest,0.13584519300002285,0.5694444444444444,0.5694444444444444,0.5694444444444444,0.9688338701019861,72
robustcov Auto detector,0.03845888500018191,0.5555555555555556,0.5555555555555556,0.5555555555555556,0.9685654857756307,72
sklearn OneClassSVM,0.009737448999658227,0.45714285714285713,0.4444444444444444,0.4507042253521127,0.9214472624798711,70
sklearn LocalOutlierFactor,0.021117043000231206,0.4444444444444444,0.4444444444444444,0.4444444444444444,0.553408480944713,72
